Dato;Tid;NO2 myg/m3;NOx myg(NO2)/m3;CO mg/m3;O3 myg/m3;PM10(Teom) myg/m3;PM25(Teom) myg/m3;SO2 myg/m3
27-02;11-12;46,77;129,78;0,44;22,94;16,45;11,25;2,10
27-02;10-11;45,86;143,31;0,45;18,16;13,80;9,70;2,74
27-02;9-10;36,11;93,52;0,41;20,01;10,90;7,15;1,43
27-02;8- 9;37,34;87,44;0,33;18,78;12,05;8,35;1,29
27-02;7- 8;52,24;116,54;0,40;9,06;17,60;10,70;1,75
27-02;6- 7;49,22;114,70;0,33;5,36;17,80;11,60;1,76
27-02;5- 6;60,99;174,28;0,37;2,43;17,35;10,50;3,21
27-02;4- 5;68,85;197,12;0,40;3,73;18,50;10,80;3,64
27-02;3- 4;64,43;175,72;0,54;4,56;23,55;14,55;3,01
27-02;2- 3;64,61;146,97;0,36;7,14;18,55;10,95;2,34
27-02;1- 2;65,97;146,90;0,46;8,63;18,60;11,20;2,27
27-02;0- 1;52,02;148,75;0,50;16,66;20,15;11,50;2,66
26-02;23-24;59,84;146,92;0,48;19,56;18,85;10,95;2,27
26-02;22-23;55,72;124,02;0,42;20,76;21,00;11,95;1,99
26-02;21-22;58,51;124,00;0,46;21,46;23,80;13,20;1,66
26-02;20-21;64,00;165,79;0,53;12,28;45,45;17,05;2,57
26-02;19-20;86,06;207,83;0,65;7,05;71,00;19,20;3,42
26-02;18-19;103,05;337,23;0,80;7,59;83,50;20,15;6,22
26-02;17-18;74,87;210,47;0,64;25,91;75,50;13,50;4,02
26-02;16-17;45,20;108,37;0,44;43,74;66,05;10,95;2,09
26-02;15-16;44,18;108,68;0,41;44,54;75,80;10,65;1,93
26-02;14-15;39,08;111,70;0,40;47,58;88,05;12,15;2,14
26-02;13-14;41,44;129,15;0,35;44,12;132,75;14,55;2,51
26-02;12-13;48,44;140,98;0,38;42,76;162,10;14,90;2,80
26-02;11-12;56,24;162,94;0,37;39,78;269,35;18,80;3,25
26-02;10-11;33,85;110,54;0,31;42,34;70,35;10,25;2,19
26-02;9-10;62,75;204,63;0,38;27,05;28,50;9,85;3,86
26-02;8- 9;103,35;318,79;0,57;8,60;28,20;11,65;5,72
26-02;7- 8;98,46;382,85;0,64;2,07;30,20;14,40;7,44
26-02;6- 7;80,95;238,21;0,45;7,79;20,60;10,95;4,64
26-02;5- 6;49,27;122,75;0,32;21,34;13,80;7,55;2,27
26-02;4- 5;31,47;62,08;0,27;34,35;12,10;6,70;1,05
26-02;3- 4;30,48;59,53;0,30;28,81;11,75;7,30;0,74
26-02;2- 3;32,86;57,38;0,30;28,46;10,90;6,75;0,80
26-02;1- 2;35,65;71,95;0,29;26,56;11,25;7,30;0,95
26-02;0- 1;51,16;100,15;0,37;20,45;13,90;8,60;1,45
25-02;23-24;46,27;90,50;0,36;26,69;15,80;9,30;1,21
25-02;22-23;49,26;106,75;0,44;24,33;16,35;9,40;1,38
25-02;21-22;45,18;92,05;0,41;36,62;16,30;9,05;1,36
25-02;20-21;49,83;93,33;0,35;39,85;21,25;8,95;1,07
25-02;19-20;63,38;129,51;0,40;30,30;44,75;11,05;1,90
25-02;18-19;76,60;206,69;0,52;23,75;78,10;14,45;3,72
25-02;17-18;75,98;208,69;0,54;26,43;58,35;11,95;3,49
25-02;16-17;71,70;198,35;0,54;31,44;66,90;11,75;3,76
25-02;15-16;71,28;192,53;0,49;36,76;67,80;10,35;3,58
25-02;14-15;72,40;200,32;0,48;37,19;78,75;10,65;3,72
25-02;13-14;68,54;172,93;0,36;42,45;88,55;10,05;3,07
25-02;12-13;60,08;171,28;0,33;43,12;96,95;10,00;3,37
25-02;11-12;49,56;140,13;0,31;46,00;138,75;12,25;2,68
25-02;10-11;58,72;178,83;0,33;39,73;92,85;11,30;3,41
25-02;9-10;61,69;210,50;0,36;27,64;22,30;9,25;4,23
25-02;8- 9;87,57;343,92;0,49;13,78;30,65;11,80;6,33
25-02;7- 8;103,98;364,57;0,61;5,16;24,25;11,80;7,30
25-02;6- 7;92,04;265,80;0,42;11,40;19,85;10,40;5,20
25-02;5- 6;37,10;68,70;0,23;40,26;11,10;5,80;0,95
25-02;4- 5;17,24;27,84;0,19;56,24;8,85;4,40;0,54
25-02;3- 4;15,96;25,09;0,19;57,23;7,50;3,90;0,47
25-02;2- 3;12,37;21,36;0,19;60,31;8,00;3,55;0,44
25-02;1- 2;18,30;27,68;0,22;56,56;9,75;3,60;0,40
25-02;0- 1;25,45;41,22;0,23;47,99;10,95;5,05;0,55
24-02;23-24;36,36;68,10;0,27;40,51;13,30;8,30;0,91
24-02;22-23;35,31;69,58;0,36;43,82;13,85;6,20;1,05
24-02;21-22;35,93;73,99;0,31;44,50;18,75;8,95;1,04
24-02;20-21;54,44;111,92;0,34;35,38;30,70;9,70;1,62
24-02;19-20;54,47;113,93;0,40;35,54;35,65;10,15;1,55
24-02;18-19;55,69;123,39;0,41;40,81;42,10;10,95;1,86
24-02;17-18;42,82;104,37;0,40;46,15;44,40;9,85;1,75
24-02;16-17;39,84;96,50;0,35;54,26;55,65;7,60;1,53
24-02;15-16;45,31;119,74;0,40;51,30;62,75;9,40;2,30
24-02;14-15;51,33;139,47;0,37;45,89;74,45;10,00;2,70
24-02;13-14;46,55;127,86;0,34;48,51;84,50;10,75;2,03
24-02;12-13;44,28;112,12;0,31;49,01;81,85;11,10;2,00
24-02;11-12;51,11;134,69;0,30;46,97;66,75;9,60;2,44
24-02;10-11;49,36;136,79;0,34;44,72;78,70;9,95;2,46
24-02;9-10;54,05;152,52;0,31;40,66;102,20;11,45;2,44
24-02;8- 9;65,74;167,61;0,36;33,26;79,90;9,55;2,95
24-02;7- 8;57,13;165,99;0,39;33,73;36,15;9,60;3,02
24-02;6- 7;40,83;85,58;0,29;47,50;16,80;5,10;1,51
24-02;5- 6;21,86;44,74;0,23;57,13;17,05;6,80;0,55
24-02;4- 5;6,37;9,32;0,18;67,64;15,50;6,55;0,03
24-02;3- 4;5,52;8,89;0,19;66,32;15,25;6,60;0,09
24-02;2- 3;6,34;10,64;0,19;64,53;16,65;7,40;-0,01
24-02;1- 2;9,95;18,01;0,21;59,99;17,90;7,80;0,16
24-02;0- 1;14,92;25,82;0,23;55,73;18,50;8,75;0,28
23-02;23-24;19,34;33,28;0,26;50,12;19,55;9,30;0,34
23-02;22-23;26,87;53,44;0,31;43,61;19,25;9,80;0,55
23-02;21-22;27,29;53,92;0,35;42,87;20,60;10,65;0,67
23-02;20-21;29,21;63,82;0,38;44,74;25,45;11,20;0,89
23-02;19-20;33,06;74,99;0,37;45,55;26,15;10,70;1,05
23-02;18-19;42,61;97,77;0,44;42,66;23,55;10,55;1,46
23-02;17-18;52,34;129,79;0,44;39,56;18,20;11,05;2,16
23-02;16-17;43,14;102,07;0,40;45,99;17,80;8,55;1,55
23-02;15-16;41,62;97,56;0,38;49,78;17,65;8,05;1,55
23-02;14-15;37,46;111,44;0,38;45,23;16,40;7,70;1,92
23-02;13-14;44,19;112,39;0,34;45,01;31,25;8,80;1,60
23-02;12-13;38,41;111,74;0,34;46,34;52,55;7,20;2,13
23-02;11-12;39,32;115,36;0,34;43,56;0,00;13,35;2,06
23-02;10-11;39,12;103,60;0,29;46,48;54,25;14,20;1,60
23-02;9-10;68,76;186,89;0,41;31,54;35,00;10,90;3,54
23-02;8- 9;54,95;189,27;0,44;25,73;22,65;11,50;3,46
23-02;7- 8;66,96;182,49;0,41;24,28;26,35;11,10;3,25
23-02;6- 7;50,86;117,14;0,33;38,74;19,45;8,35;1,90
23-02;5- 6;16,62;35,93;0,24;60,54;20,05;7,05;0,54
23-02;4- 5;7,19;10,68;0,21;71,79;15,65;6,80;0,14
23-02;3- 4;3,31;5,25;0,21;77,27;15,20;5,55;0,04
23-02;2- 3;3,42;5,60;0,19;78,46;12,50;5,80;0,11
23-02;1- 2;3,87;6,70;0,21;79,37;10,50;6,00;0,16
23-02;0- 1;5,16;10,25;0,21;77,80;11,75;6,45;0,21
22-02;23-24;5,79;11,77;0,26;77,29;12,25;6,45;0,18
22-02;22-23;13,65;24,16;0,26;69,65;14,80;6,55;0,17
22-02;21-22;16,74;31,93;0,27;65,64;19,50;10,75;0,54
22-02;20-21;23,96;40,69;0,27;61,86;19,15;6,35;0,60
22-02;19-20;32,78;64,45;0,31;52,11;30,05;10,15;0,92
22-02;18-19;43,33;91,53;0,35;44,82;37,40;11,20;1,43
22-02;17-18;38,84;87,62;0,41;49,97;45,55;11,05;1,41
22-02;16-17;36,73;88,09;0,42;49,95;55,60;11,40;1,52
22-02;15-16;51,46;133,22;0,42;46,50;57,50;12,00;2,33
22-02;14-15;33,86;80,33;0,34;58,90;46,75;9,65;1,49
22-02;13-14;34,65;73,59;0,27;63,37;55,05;10,60;1,43
22-02;12-13;35,50;89,06;0,31;57,79;56,05;9,40;1,76
22-02;11-12;39,33;95,13;0,29;57,32;40,15;8,25;1,73
22-02;10-11;54,80;140,09;0,33;50,43;18,80;10,55;2,75
22-02;9-10;47,48;146,39;0,36;43,90;15,25;7,90;2,93
22-02;8- 9;62,20;168,45;0,41;35,86;20,45;8,95;2,87
22-02;7- 8;67,79;186,13;0,44;30,45;15,15;8,65;3,42
22-02;6- 7;60,25;130,48;0,31;43,87;12,55;6,35;2,40
22-02;5- 6;21,88;39,49;0,24;64,23;5,75;4,15;0,65
22-02;4- 5;9,76;19,27;0,22;71,26;3,70;3,00;0,45
22-02;3- 4;6,57;9,74;0,22;73,21;2,90;2,50;0,37
22-02;2- 3;7,92;13,58;0,21;72,73;3,60;3,30;0,44
22-02;1- 2;12,54;17,02;0,22;67,96;2,30;3,05;0,40
22-02;0- 1;17,98;26,36;0,23;62,96;3,80;3,45;0,44
21-02;23-24;29,79;50,99;0,32;49,26;8,50;5,20;0,65
21-02;22-23;40,58;66,31;0,30;40,24;9,75;6,00;0,78
21-02;21-22;34,66;58,14;0,31;47,75;8,05;5,75;0,80
21-02;20-21;37,84;63,59;0,33;48,24;12,15;6,40;0,78
21-02;19-20;34,05;63,62;0,31;50,97;13,00;5,70;0,88
21-02;18-19;45,25;86,54;0,37;44,98;16,05;8,10;1,19
21-02;17-18;44,60;93,15;0,38;46,40;17,90;8,75;1,43
21-02;16-17;47,23;104,23;0,42;43,03;28,75;10,20;1,55
21-02;15-16;37,91;84,21;0,38;47,44;43,25;11,70;1,32
21-02;14-15;27,80;66,51;0,35;59,88;43,90;10,80;1,09
21-02;13-14;23,11;61,52;0,34;61,07;44,10;10,70;0,92
21-02;12-13;24,20;54,09;0,31;62,97;39,20;11,05;0,77
21-02;11-12;22,97;52,57;0,29;62,61;27,05;8,40;0,67
21-02;10-11;17,79;37,30;0,26;67,99;14,50;7,15;0,53
21-02;9-10;14,34;30,28;0,23;69,74;13,60;6,55;0,38
21-02;8- 9;12,80;24,91;0,22;70,81;11,20;9,20;0,30
21-02;7- 8;12,83;21,25;0,20;69,43;10,90;5,30;0,26
21-02;6- 7;16,36;26,43;0,21;64,64;10,20;5,50;0,28
21-02;5- 6;18,36;37,10;0,19;65,22;4,85;5,40;0,53
21-02;4- 5;14,04;27,77;0,21;67,48;3,35;2,10;0,54
21-02;3- 4;22,37;47,36;0,29;61,20;4,75;3,30;0,85
21-02;2- 3;24,75;53,51;0,25;57,20;7,50;4,95;0,85
21-02;1- 2;28,52;52,73;0,24;56,95;10,75;3,75;0,72
21-02;0- 1;36,21;62,98;0,36;51,04;12,45;5,65;0,67
20-02;23-24;36,68;77,51;0,30;45,31;11,45;4,80;1,08
20-02;22-23;33,36;64,31;0,33;49,83;11,10;6,30;0,99
20-02;21-22;34,76;60,35;0,31;48,11;21,30;9,80;0,78
20-02;20-21;36,04;74,19;0,32;46,21;16,45;8,40;0,95
20-02;19-20;38,10;79,41;0,35;44,89;16,35;8,90;1,18
20-02;18-19;43,34;92,74;0,50;39,47;17,10;8,60;1,42
20-02;17-18;47,20;111,90;0,42;33,28;17,65;9,15;1,75
20-02;16-17;58,00;130,52;0,49;33,33;15,05;7,80;1,97
20-02;15-16;41,21;91,24;0,40;36,89;11,95;6,45;1,56
20-02;14-15;49,43;108,73;0,37;34,24;16,70;7,25;1,90
20-02;13-14;29,40;56,32;0,32;37,13;9,65;5,50;0,94
20-02;12-13;33,57;71,49;0,35;35,33;10,75;5,25;1,15
20-02;11-12;29,48;57,81;0,31;37,45;10,50;4,85;0,88
20-02;10-11;22,54;47,36;0,30;42,41;15,80;5,50;0,88
20-02;9-10;22,56;38,65;0,31;36,48;19,90;9,55;0,65
20-02;8- 9;22,50;33,27;0,30;34,45;17,75;10,45;0,51
20-02;7- 8;16,47;23,61;0,27;37,45;15,75;10,25;0,38
20-02;6- 7;17,34;23,55;0,25;42,47;12,75;6,95;0,30
20-02;5- 6;15,51;22,47;0,23;45,80;13,40;6,35;0,34
20-02;4- 5;18,96;35,41;0,26;45,65;14,10;6,50;0,47
20-02;3- 4;27,31;43,91;0,25;35,75;16,85;9,15;0,53
20-02;2- 3;28,96;52,45;0,25;35,02;15,60;7,25;0,71
20-02;1- 2;29,98;55,71;0,28;33,12;18,35;7,95;0,70
20-02;0- 1;35,15;70,42;0,35;29,42;15,20;8,10;1,01
19-02;23-24;44,37;87,60;0,36;22,08;18,85;9,80;1,41
19-02;22-23;39,94;85,07;0,44;18,25;15,40;10,85;1,19
19-02;21-22;47,45;106,30;0,49;7,52;22,70;14,40;1,66
19-02;20-21;49,34;124,62;0,52;2,25;29,15;18,10;2,29
19-02;19-20;52,54;112,45;0,47;5,53;24,60;16,90;1,85
19-02;18-19;55,69;160,32;0,61;7,08;29,25;18,00;3,05
19-02;17-18;53,93;118,65;0,53;6,29;30,60;17,25;2,03
19-02;16-17;56,19;179,53;0,65;4,38;50,70;18,80;3,42
19-02;15-16;42,60;158,10;0,56;9,14;85,00;17,60;3,46
19-02;14-15;55,08;161,00;0,60;15,14;126,60;19,85;3,24
19-02;13-14;46,47;177,64;0,52;17,14;119,40;20,70;3,75
19-02;12-13;60,09;212,67;0,55;15,26;26,35;16,35;4,77
19-02;11-12;66,32;278,30;0,66;9,71;28,05;18,55;6,13
19-02;10-11;61,41;322,97;0,61;3,92;35,75;22,40;6,72
19-02;9-10;66,82;355,42;0,64;2,46;39,20;24,05;7,11
19-02;8- 9;58,94;257,64;0,58;2,87;36,75;21,50;5,37
19-02;7- 8;70,83;374,71;0,72;0,25;39,55;22,75;7,53
19-02;6- 7;59,60;353,09;0,59;0,23;36,70;24,80;7,67
19-02;5- 6;49,41;136,28;0,38;2,17;25,15;19,35;2,50
19-02;4- 5;31,25;64,26;0,42;13,52;21,70;16,80;1,25
19-02;3- 4;31,68;52,40;0,32;15,84;20,10;15,90;0,61
19-02;2- 3;28,05;49,43;0,33;19,10;21,00;16,85;0,51
19-02;1- 2;30,68;51,38;0,32;18,20;22,90;17,95;0,48
19-02;0- 1;43,93;89,06;0,42;10,36;25,20;19,90;1,11
18-02;23-24;42,36;101,81;0,44;12,11;27,15;20,90;1,41
18-02;22-23;45,22;107,02;0,50;13,86;26,70;20,00;1,49
18-02;21-22;57,23;141,58;0,60;11,52;27,10;19,70;2,30
18-02;20-21;46,30;94,53;0,43;16,63;25,75;18,80;1,41
18-02;19-20;68,16;156,33;0,51;8,20;31,00;22,15;2,43
18-02;18-19;64,16;181,63;0,60;8,12;32,65;23,90;3,22
18-02;17-18;64,85;191,17;0,66;7,66;31,50;22,95;3,73
18-02;16-17;61,51;151,13;0,54;11,45;25,55;19,45;2,54
18-02;15-16;47,47;179,33;0,55;12,49;34,00;21,20;3,73
18-02;14-15;56,99;191,12;0,58;14,23;32,70;22,35;3,93
18-02;13-14;61,68;177,95;0,49;13,85;31,10;21,55;3,35
18-02;12-13;74,49;216,42;0,48;10,55;30,95;21,25;4,35
18-02;11-12;63,40;203,04;0,44;9,78;32,85;22,10;3,78
18-02;10-11;83,76;308,02;0,51;4,47;38,80;24,80;6,02
18-02;9-10;84,27;335,49;0,55;3,71;38,95;24,00;6,74
18-02;8- 9;94,96;432,85;0,73;0,92;47,55;24,65;8,76
18-02;7- 8;83,53;316,22;0,59;4,79;33,80;19,70;6,45
18-02;6- 7;78,98;300,97;0,52;7,44;29,30;16,35;5,54
18-02;5- 6;69,93;214,77;0,37;2,18;31,40;16,55;3,96
18-02;4- 5;54,40;122,36;0,33;8,39;16,45;12,55;1,99
18-02;3- 4;23,13;49,63;0,31;31,22;15,55;10,45;0,89
18-02;2- 3;18,74;33,87;0,29;38,06;18,00;11,55;0,51
18-02;1- 2;17,46;31,76;0,26;43,92;17,35;11,75;0,53
18-02;0- 1;20,72;39,72;0,30;43,19;16,35;11,40;0,67
17-02;23-24;29,08;59,36;0,35;36,81;18,85;11,90;0,95
17-02;22-23;33,06;75,28;0,44;34,97;18,15;11,30;1,25
17-02;21-22;47,34;108,02;0,45;31,68;20,90;9,25;1,52
17-02;20-21;45,50;105,19;0,45;33,93;21,55;11,20;1,75
17-02;19-20;47,30;113,91;0,45;33,82;25,90;14,00;1,87
17-02;18-19;44,72;101,25;0,38;38,87;32,75;7,25;1,66
17-02;17-18;69,26;203,63;0,58;24,12;61,75;11,55;3,88
17-02;16-17;63,74;182,37;0,60;25,12;62,20;9,15;3,56
17-02;15-16;61,91;178,34;0,53;29,42;81,25;10,20;3,89
17-02;14-15;69,99;188,13;0,51;28,57;72,20;11,80;3,92
17-02;13-14;35,92;101,95;0,36;39,56;67,10;9,15;2,46
17-02;12-13;39,02;105,76;0,31;42,80;84,05;8,95;2,31
17-02;11-12;32,18;87,19;0,31;43,83;149,60;8,90;1,83
17-02;10-11;34,16;91,08;0,29;43,11;54,55;7,40;1,86
17-02;9-10;39,29;93,62;0,31;36,23;17,70;9,90;2,00
17-02;8- 9;42,41;100,66;0,30;33,30;20,30;8,85;1,63
17-02;7- 8;48,49;107,69;0,32;26,13;18,35;6,85;1,82
17-02;6- 7;43,61;96,23;0,31;27,82;10,70;6,75;1,70
17-02;5- 6;27,67;52,64;0,24;36,48;9,15;6,85;0,62
17-02;4- 5;17,44;34,97;0,21;40,99;6,00;4,20;0,57
17-02;3- 4;14,79;23,66;0,22;43,42;5,30;2,25;0,17
17-02;2- 3;18,09;27,60;0,24;40,78;7,05;3,15;0,18
17-02;1- 2;22,36;33,20;0,21;33,45;6,80;4,35;0,30
17-02;0- 1;20,16;37,84;0,25;36,66;8,05;5,40;0,41
16-02;23-24;27,86;56,50;0,30;31,88;10,70;6,00;0,67
16-02;22-23;46,58;96,28;0,41;20,76;13,85;7,65;1,11
16-02;21-22;59,75;139,92;0,42;11,94;17,95;9,60;2,22
16-02;20-21;41,80;100,14;0,44;20,95;18,15;9,65;1,33
16-02;19-20;61,78;156,15;0,49;9,79;38,00;11,10;2,71
16-02;18-19;75,97;227,97;0,63;5,97;60,05;11,75;4,27
16-02;17-18;73,62;202,28;0,51;11,50;74,50;10,90;4,17
16-02;16-17;71,68;218,42;0,84;10,20;88,70;12,90;5,68
16-02;15-16;77,63;222,23;0,56;10,58;96,25;11,15;5,37
16-02;14-15;69,83;200,54;0,45;10,22;92,80;11,90;3,98
16-02;13-14;85,71;292,32;0,52;7,33;149,30;15,20;6,08
16-02;12-13;67,01;329,97;0,65;9,60;218,95;21,90;7,48
16-02;11-12;92,41;394,01;0,62;11,11;319,25;25,90;8,43
16-02;10-11;103,53;395,74;0,53;9,20;256,90;20,50;7,81
16-02;9-10;102,01;461,23;0,73;4,16;31,80;15,35;8,97
16-02;8- 9;117,44;636,79;0,90;1,29;32,65;15,70;13,39
16-02;7- 8;141,26;712,97;0,94;1,01;37,10;19,45;15,17
16-02;6- 7;105,22;411,02;0,54;3,43;22,60;12,00;8,62
16-02;5- 6;53,64;141,86;0,30;13,61;13,35;7,55;2,39
16-02;4- 5;34,74;68,02;0,24;26,98;6,80;3,95;0,91
16-02;3- 4;21,41;33,04;0,23;41,29;8,05;5,10;0,20
16-02;2- 3;25,15;39,79;0,23;36,91;16,65;6,15;0,34
16-02;1- 2;25,49;38,59;0,25;33,96;26,50;6,80;0,26
16-02;0- 1;37,99;72,78;0,28;29,66;41,00;7,45;0,77
15-02;23-24;48,02;99,75;0,37;23,06;29,40;9,15;1,31
15-02;22-23;41,87;87,06;0,44;27,03;29,15;9,05;1,12
15-02;21-22;24,99;48,06;0,30;45,75;17,25;6,55;0,60
15-02;20-21;32,82;63,24;0,35;34,72;22,20;9,25;0,74
15-02;19-20;39,81;76,33;0,37;32,91;24,60;9,05;1,02
15-02;18-19;48,52;103,70;0,41;26,43;38,15;10,85;1,45
15-02;17-18;36,65;87,22;0,38;33,43;36,35;9,20;1,28
15-02;16-17;44,59;108,65;0,40;33,02;47,00;10,15;1,69
15-02;15-16;48,84;137,65;0,42;31,83;54,80;9,70;2,56
15-02;14-15;56,12;156,75;0,40;31,10;71,85;11,10;3,04
15-02;13-14;51,33;136,52;0,35;32,86;65,30;10,70;2,53
15-02;12-13;68,78;189,77;0,42;32,14;88,60;14,10;3,29
15-02;11-12;38,77;125,56;0,36;34,11;61,95;11,30;2,85
15-02;10-11;32,62;87,97;0,31;42,93;0,00;65,25;1,89
15-02;9-10;37,77;94,02;0,29;35,40;37,30;4,90;1,59
15-02;8- 9;50,55;124,01;0,33;27,45;75,25;9,80;2,24
15-02;7- 8;46,50;112,46;0,35;30,03;37,75;9,75;2,06
15-02;6- 7;41,32;99,56;0,30;34,52;18,45;7,80;2,10
15-02;5- 6;12,59;19,17;0,23;50,29;11,45;6,40;0,18
15-02;4- 5;10,17;16,90;0,24;51,89;7,40;6,15;0,21
15-02;3- 4;8,94;12,71;0,23;51,04;13,65;7,10;0,01
15-02;2- 3;7,40;9,81;0,24;51,74;9,85;7,90;0,10
15-02;1- 2;10,47;14,18;0,24;49,98;8,10;7,00;0,10
15-02;0- 1;9,37;15,03;0,26;51,50;11,05;9,20;0,17
14-02;23-24;12,16;16,68;0,26;49,45;9,35;8,90;0,26
14-02;22-23;13,31;22,79;0,33;50,37;14,80;9,10;0,33
14-02;21-22;15,80;32,51;0,33;47,90;13,40;11,10;0,55
14-02;20-21;15,72;30,98;0,31;48,98;13,75;11,05;0,34
14-02;19-20;37,84;88,07;0,50;32,58;26,80;13,85;1,55
14-02;18-19;42,62;120,01;0,54;29,08;29,15;15,20;2,12
14-02;17-18;48,73;139,84;0,56;24,13;30,80;15,35;2,37
14-02;16-17;45,69;132,89;0,58;23,52;35,95;15,05;2,43
14-02;15-16;43,41;114,23;0,53;28,14;42,60;12,60;1,89
14-02;14-15;56,40;152,38;0,61;23,49;61,75;17,95;2,66
14-02;13-14;47,24;124,79;0,56;28,06;51,35;16,80;2,40
14-02;12-13;50,53;124,56;0,52;27,75;47,80;14,75;2,02
14-02;11-12;46,77;114,12;0,49;27,16;25,85;14,55;1,92
14-02;10-11;45,80;113,47;0,52;26,29;22,80;14,95;1,95
14-02;9-10;33,46;78,00;0,45;31,43;19,75;13,10;1,19
14-02;8- 9;26,21;52,82;0,40;38,51;17,05;12,30;0,72
14-02;7- 8;22,95;44,09;0,35;41,75;17,95;13,15;0,67
14-02;6- 7;26,95;47,20;0,30;45,14;17,35;12,80;0,60
14-02;5- 6;42,71;89,22;0,40;33,18;15,65;12,65;1,31
14-02;4- 5;41,88;89,64;0,38;31,11;15,95;12,00;1,41
14-02;3- 4;57,21;142,21;0,37;20,33;19,20;11,95;2,41
14-02;2- 3;55,85;120,59;0,38;23,94;20,70;12,00;1,75
14-02;1- 2;56,73;137,01;0,45;18,67;18,90;11,35;2,22
14-02;0- 1;57,83;146,01;0,53;17,50;20,20;10,95;2,51
13-02;23-24;55,21;145,92;0,48;14,37;18,35;9,95;2,54
13-02;22-23;64,46;156,18;0,54;14,50;16,55;9,70;2,54
13-02;21-22;50,99;118,26;0,48;21,29;18,55;11,15;1,92
13-02;20-21;52,17;115,06;0,43;23,61;16,30;9,00;1,80
13-02;19-20;53,80;122,88;0,41;21,96;18,50;11,45;1,89
13-02;18-19;65,15;185,15;0,61;16,11;19,40;10,75;3,21
13-02;17-18;57,96;152,65;0,53;23,28;14,55;8,20;2,67
13-02;16-17;73,01;201,62;0,69;19,00;17,35;9,95;3,65
13-02;15-16;58,36;159,56;0,61;25,65;13,00;6,70;3,00
13-02;14-15;55,85;147,95;0,58;28,87;14,10;7,05;2,70
13-02;13-14;64,95;170,39;0,50;26,88;15,90;8,95;2,93
13-02;12-13;75,44;212,20;0,62;18,20;17,25;7,25;3,88
13-02;11-12;52,46;138,60;0,46;29,72;16,25;6,55;2,53
13-02;10-11;59,04;160,65;0,49;28,98;18,20;6,80;2,81
13-02;9-10;68,65;152,48;0,42;24,53;19,70;7,10;2,37
13-02;8- 9;55,85;112,31;0,29;30,65;13,70;4,25;1,69
13-02;7- 8;41,49;82,35;0,29;40,40;12,65;6,05;1,26
13-02;6- 7;47,37;106,49;0,27;36,53;9,35;3,10;1,93
13-02;5- 6;44,21;84,66;0,25;41,93;12,50;2,85;1,28
13-02;4- 5;32,82;59,86;0,24;50,38;10,55;3,20;0,94
13-02;3- 4;42,05;95,99;0,25;38,11;13,60;7,90;1,72
13-02;2- 3;40,35;72,43;0,32;37,35;16,85;6,40;1,22
13-02;1- 2;72,42;170,27;0,40;21,22;27,05;7,15;3,14
13-02;0- 1;59,02;131,84;0,42;27,19;33,50;6,70;2,13
12-02;23-24;83,12;215,49;0,54;13,09;49,20;13,00;3,81
12-02;22-23;78,63;191,75;0,53;15,99;43,05;8,95;3,27
12-02;21-22;72,00;188,40;0,67;21,46;45,30;9,20;3,38
12-02;20-21;69,64;174,57;0,50;24,70;47,20;9,40;2,71
12-02;19-20;87,37;236,16;0,64;11,64;51,90;13,65;4,26
12-02;18-19;89,93;248,09;0,61;12,02;55,25;11,70;4,70
12-02;17-18;102,89;280,56;0,74;13,47;60,60;14,60;5,48
12-02;16-17;68,23;189,76;0,60;25,60;57,75;8,25;3,46
12-02;15-16;78,33;222,20;0,58;23,07;65,25;9,70;4,25
12-02;14-15;68,45;189,22;0,46;28,15;66,90;8,15;3,31
12-02;13-14;68,39;182,65;0,42;28,88;72,10;9,35;3,54
12-02;12-13;73,12;249,51;0,49;23,44;88,60;11,15;4,96
12-02;11-12;65,60;197,85;0,37;26,07;113,70;11,15;3,81
12-02;10-11;72,30;263,23;0,40;19,57;146,15;13,75;5,42
12-02;9-10;87,50;247,01;0,46;16,21;39,95;8,35;4,88
12-02;8- 9;88,37;329,39;0,58;8,36;17,75;7,45;6,67
12-02;7- 8;85,96;281,85;0,54;9,44;14,60;9,05;5,92
12-02;6- 7;74,75;235,77;0,40;13,40;11,00;6,30;5,08
12-02;5- 6;30,63;64,41;0,25;30,49;7,25;3,90;1,06
12-02;4- 5;18,87;38,27;0,23;31,58;8,55;4,40;0,50
12-02;3- 4;18,59;37,07;0,23;33,20;7,90;4,55;0,57
12-02;2- 3;15,82;27,40;0,22;35,37;6,00;4,00;0,35
12-02;1- 2;21,91;41,59;0,23;31,87;5,85;4,35;0,58
12-02;0- 1;25,24;48,46;0,26;32,28;8,35;5,05;0,61
11-02;23-24;48,33;128,49;0,44;18,22;15,55;5,55;2,12
11-02;22-23;50,68;144,82;0,55;15,82;18,10;10,40;2,53
11-02;21-22;58,52;169,91;0,58;10,00;19,10;10,95;3,04
11-02;20-21;57,49;152,27;0,58;12,06;30,35;10,40;2,63
11-02;19-20;64,07;154,68;0,55;13,48;30,90;10,80;2,75
11-02;18-19;72,26;178,01;0,58;15,16;41,10;9,05;3,14
11-02;17-18;63,04;152,36;0,47;19,95;40,65;7,30;2,58
11-02;16-17;63,58;226,20;0,69;13,18;36,25;9,75;4,54
11-02;15-16;75,97;260,19;0,62;11,27;20,05;10,55;4,96
11-02;14-15;77,14;251,14;0,57;12,25;19,05;8,65;5,13
11-02;13-14;67,93;186,21;0,40;19,48;36,50;6,90;3,42
11-02;12-13;75,61;291,55;0,58;11,18;55,25;12,75;5,62
11-02;11-12;82,97;276,63;0,50;9,16;49,45;13,50;5,07
11-02;10-11;87,42;388,13;0,65;4,42;66,30;16,95;7,61
11-02;9-10;95,76;381,89;0,66;2,88;49,70;17,25;8,07
11-02;8- 9;77,29;457,84;0,66;1,76;40,85;15,60;9,37
11-02;7- 8;82,52;455,98;0,76;0,92;34,25;17,15;9,19
11-02;6- 7;86,79;320,46;0,54;4,03;19,55;12,50;6,46
11-02;5- 6;48,60;132,90;0,33;10,82;10,40;7,80;2,56
11-02;4- 5;32,09;58,70;0,26;20,37;12,05;6,80;0,89
11-02;3- 4;32,89;51,36;0,26;18,57;18,15;8,85;0,60
11-02;2- 3;27,00;41,93;0,26;22,34;12,00;8,60;0,64
11-02;1- 2;42,21;75,61;0,28;12,81;18,60;9,80;0,99
11-02;0- 1;49,98;88,31;0,32;8,57;19,50;11,55;1,14
10-02;23-24;45,09;82,42;0,33;14,21;19,85;10,95;1,07
10-02;22-23;42,62;74,65;0,35;20,40;24,55;11,90;0,88
10-02;21-22;44,88;95,96;0,39;24,38;19,80;12,40;1,41
10-02;20-21;45,40;86,25;0,34;20,93;29,30;13,65;1,08
10-02;19-20;51,78;105,32;0,41;19,59;21,50;12,50;1,59
10-02;18-19;53,51;117,57;0,38;25,01;19,70;11,60;1,79
10-02;17-18;62,51;151,39;0,47;21,10;23,65;13,20;2,48
10-02;16-17;71,44;158,67;0,50;20,43;20,95;12,65;2,50
10-02;15-16;74,94;191,64;0,56;23,17;20,70;11,30;3,27
10-02;14-15;75,91;228,21;0,48;19,17;20,65;10,05;3,81
10-02;13-14;91,66;298,81;0,60;13,21;24,10;12,40;5,35
10-02;12-13;84,58;295,55;0,52;21,90;14,40;7,80;5,58
10-02;11-12;78,23;244,83;0,44;20,03;28,40;12,15;4,53
10-02;10-11;88,08;255,93;0,43;20,58;30,80;13,10;4,73
10-02;9-10;76,52;271,34;0,45;16,58;28,25;12,70;4,90
10-02;8- 9;67,04;196,69;0,45;26,91;25,05;11,90;3,44
10-02;7- 8;58,46;137,25;0,36;31,71;16,40;7,85;2,20
10-02;6- 7;35,53;81,95;0,26;45,34;12,80;3,30;1,32
10-02;5- 6;22,64;45,76;0,20;46,83;10,60;5,35;0,71
10-02;4- 5;12,86;19,46;0,18;49,14;2,10;2,25;0,23
10-02;3- 4;9,26;12,56;0,20;60,84;4,50;2,10;0,26
10-02;2- 3;11,26;17,07;0,19;60,19;9,10;2,15;0,20
10-02;1- 2;18,41;33,75;0,18;59,80;8,05;1,90;0,53
10-02;0- 1;21,61;37,70;0,23;44,48;9,80;1,45;0,51
09-02;23-24;37,71;77,16;0,31;31,73;17,05;5,10;1,22
09-02;22-23;47,53;94,52;0,40;26,53;15,60;4,75;1,38
09-02;21-22;46,45;103,70;0,38;28,71;21,00;6,75;1,49
09-02;20-21;59,55;129,30;0,48;22,51;22,80;6,40;1,97
09-02;19-20;61,35;124,05;0,42;20,87;20,40;7,25;1,73
09-02;18-19;63,59;141,55;0,41;27,78;22,90;7,05;2,02
09-02;17-18;69,54;181,98;0,50;25,06;36,55;8,20;2,98
09-02;16-17;48,83;96,88;0,35;36,99;28,30;5,75;1,35
09-02;15-16;54,33;110,86;0,34;38,08;36,15;6,50;1,49
09-02;14-15;57,69;127,20;0,34;37,76;29,70;7,35;1,92
09-02;13-14;47,91;105,76;0,30;44,24;24,95;6,55;1,35
09-02;12-13;44,69;102,31;0,30;45,49;22,20;3,30;1,45
09-02;11-12;43,65;121,93;0,30;37,92;19,40;0,00;2,07
09-02;10-11;61,75;157,36;0,33;32,49;17,20;9,15;2,57
09-02;9-10;53,97;135,00;0,31;30,07;18,80;8,90;2,06
09-02;8- 9;66,01;185,27;0,38;18,75;26,10;11,40;2,98
09-02;7- 8;61,89;148,94;0,37;24,33;20,65;10,00;2,37
09-02;6- 7;51,25;113,70;0,32;32,06;15,70;8,35;2,13
09-02;5- 6;22,68;39,13;0,20;51,27;12,05;6,55;0,37
09-02;4- 5;18,40;24,37;0,19;56,25;10,00;5,30;0,23
09-02;3- 4;12,54;15,59;0,21;61,32;8,90;5,15;0,13
09-02;2- 3;15,30;18,34;0,21;55,91;9,00;6,25;0,03
09-02;1- 2;17,52;20,76;0,21;55,13;9,30;5,40;0,03
09-02;0- 1;14,05;18,88;0,22;60,43;11,70;6,00;0,04
08-02;23-24;10,16;18,59;0,23;66,34;12,45;5,50;0,18
08-02;22-23;14,50;26,50;0,25;67,78;9,05;4,70;0,34
08-02;21-22;19,75;36,04;0,28;64,82;8,60;4,45;0,38
08-02;20-21;26,13;51,15;0,27;57,75;7,60;4,15;0,67
08-02;19-20;50,31;77,47;0,27;40,90;10,05;5,90;0,64
08-02;18-19;54,53;81,85;0,27;40,31;12,15;5,10;0,70
08-02;17-18;48,43;87,66;0,34;32,35;13,40;7,50;0,99
08-02;16-17;44,95;110,76;0,48;35,36;14,90;8,80;1,68
08-02;15-16;40,88;115,20;0,43;38,60;14,95;8,00;1,93
08-02;14-15;39,50;90,94;0,37;43,66;11,80;7,05;1,48
08-02;13-14;35,80;90,63;0,29;43,24;5,90;7,95;1,38
08-02;12-13;37,66;95,14;0,33;43,50;10,95;6,50;1,51
08-02;11-12;33,00;91,61;0,32;41,42;20,00;5,90;1,63
08-02;10-11;41,63;107,18;0,34;38,97;23,50;6,75;1,76
08-02;9-10;42,04;83,29;0,26;44,94;16,15;5,60;1,08
08-02;8- 9;34,40;82,78;0,31;44,68;16,05;6,10;1,38
08-02;7- 8;26,59;63,33;0,29;47,78;19,80;6,00;0,85
08-02;6- 7;20,52;45,67;0,27;50,34;18,05;3,30;0,64
08-02;5- 6;16,56;33,24;0,25;50,18;11,75;3,90;0,40
08-02;4- 5;13,81;21,83;0,25;55,21;10,10;3,95;0,23
08-02;3- 4;7,76;11,86;0,25;59,83;14,90;4,60;0,06
08-02;2- 3;11,20;14,84;0,22;58,80;27,60;4,10;-0,01
08-02;1- 2;9,19;12,16;0,22;60,75;14,40;3,80;-0,04
08-02;0- 1;14,43;21,58;0,23;56,44;11,40;5,80;0,16
07-02;23-24;24,73;33,06;0,25;48,06;10,75;5,55;0,13
07-02;22-23;27,55;39,96;0,26;45,56;15,65;5,90;0,17
07-02;21-22;26,19;41,91;0,28;47,57;12,20;6,85;0,31
07-02;20-21;34,77;63,76;0,33;48,26;20,35;12,85;0,62
07-02;19-20;46,78;86,30;0,34;41,17;16,40;7,55;0,98
07-02;18-19;49,90;104,93;0,35;33,91;23,80;8,45;1,18
07-02;17-18;49,73;118,25;0,46;19,58;13,15;12,25;1,76
07-02;16-17;30,93;79,78;0,37;32,14;23,70;10,85;1,24
07-02;15-16;32,84;71,81;0,37;33,02;28,40;9,05;1,18
07-02;14-15;35,34;78,04;0,40;29,93;30,25;10,10;1,33
07-02;13-14;29,65;70,82;0,41;32,32;35,50;8,95;1,18
07-02;12-13;34,34;83,56;0,40;28,89;33,50;9,20;1,58
07-02;11-12;23,03;54,76;0,33;30,24;25,25;8,35;0,94
07-02;10-11;29,49;69,41;0,33;29,54;17,50;8,25;1,16
07-02;9-10;23,77;45,51;0,29;29,53;11,00;7,80;0,64
07-02;8- 9;21,13;30,27;0,24;29,72;10,85;6,30;0,28
07-02;7- 8;15,32;24,59;0,25;30,60;10,50;7,00;0,20
07-02;6- 7;23,23;35,20;0,26;25,27;9,00;7,80;0,33
07-02;5- 6;26,11;48,85;0,26;24,01;9,70;6,35;0,65
07-02;4- 5;35,38;89,49;0,30;20,54;11,45;6,95;1,42
07-02;3- 4;28,01;56,51;0,26;18,71;9,45;6,85;0,87
07-02;2- 3;24,05;37,77;0,26;22,12;9,10;6,80;0,45
07-02;1- 2;30,83;69,09;0,29;17,72;11,35;7,55;1,26
07-02;0- 1;29,20;89,38;0,33;18,44;12,95;7,50;1,69
06-02;23-24;27,42;62,43;0,31;22,50;12,50;7,60;0,98
06-02;22-23;25,47;57,57;0,34;23,98;13,25;8,40;0,87
06-02;21-22;25,64;56,98;0,30;24,52;12,65;8,30;0,85
06-02;20-21;29,91;64,80;0,28;25,84;12,60;8,80;0,88
06-02;19-20;37,06;75,80;0,33;27,71;13,40;8,15;0,95
06-02;18-19;33,84;84,56;0,35;27,69;13,05;8,70;1,35
06-02;17-18;38,14;94,92;0,40;24,64;12,70;7,80;1,48
06-02;16-17;49,70;124,87;0,45;22,41;13,00;8,85;2,19
06-02;15-16;45,00;103,06;0,44;23,92;12,40;8,10;1,66
06-02;14-15;32,32;81,70;0,40;27,22;11,40;6,85;1,33
06-02;13-14;36,57;98,91;0,40;23,72;19,00;6,70;1,75
06-02;12-13;30,21;70,51;0,37;25,67;11,65;7,60;1,28
06-02;11-12;26,44;74,56;0,32;21,71;18,55;8,80;1,43
06-02;10-11;20,95;69,28;0,34;21,04;11,65;9,50;1,29
06-02;9-10;23,95;54,82;0,30;26,91;8,15;4,80;1,01
06-02;8- 9;20,28;38,64;0,27;32,49;10,30;6,25;0,62
06-02;7- 8;17,45;34,90;0,26;29,59;7,90;6,70;0,62
06-02;6- 7;19,40;34,05;0,25;31,76;11,35;7,05;0,65
06-02;5- 6;23,57;44,02;0,25;29,70;14,20;8,70;0,84
06-02;4- 5;25,57;52,36;0,24;33,56;14,75;8,00;0,85
06-02;3- 4;31,95;64,16;0,24;30,50;18,20;9,05;1,05
06-02;2- 3;31,28;52,62;0,22;31,48;19,70;9,10;0,67
06-02;1- 2;39,45;83,66;0,27;31,65;21,30;8,95;1,29
06-02;0- 1;36,16;92,59;0,37;16,86;20,05;10,00;1,59
05-02;23-24;48,79;120,27;0,40;4,36;19,35;12,25;2,04
05-02;22-23;40,83;90,10;0,38;5,58;13,40;10,45;1,38
05-02;21-22;36,70;83,48;0,41;16,93;13,80;7,00;1,41
05-02;20-21;36,56;89,26;0,40;22,97;11,75;6,90;1,46
05-02;19-20;31,33;75,92;0,32;28,92;12,90;7,15;1,29
05-02;18-19;52,21;137,61;0,42;21,84;17,05;9,30;2,39
05-02;17-18;67,43;168,39;0,49;15,98;23,35;10,65;2,91
05-02;16-17;54,91;141,24;0,45;21,90;15,95;8,45;2,67
05-02;15-16;61,86;146,95;0,45;16,36;17,85;9,20;2,22
05-02;14-15;56,61;155,61;0,46;17,20;20,45;10,25;2,54
05-02;13-14;71,10;213,20;0,42;17,96;26,20;11,85;3,79
05-02;12-13;72,41;245,71;0,46;17,59;30,70;12,40;4,25
05-02;11-12;96,86;329,34;0,58;10,42;39,50;16,10;6,02
05-02;10-11;101,49;388,30;0,52;6,26;39,95;15,15;7,47
05-02;9-10;103,26;397,85;0,57;3,94;32,95;14,05;7,70
05-02;8- 9;111,30;381,61;0,64;2,82;33,55;14,05;7,21
05-02;7- 8;119,29;499,89;0,66;2,31;33,35;15,20;8,35
05-02;6- 7;94,10;343,02;0,48;1,32;26,40;14,40;6,69
05-02;5- 6;60,87;142,79;0,31;13,86;13,20;7,95;2,50
05-02;4- 5;24,67;48,52;0,22;43,44;11,70;5,50;0,65
05-02;3- 4;24,89;45,67;0,23;44,73;11,80;5,75;0,51
05-02;2- 3;21,07;41,21;0,33;47,28;13,70;7,15;0,43
05-02;1- 2;22,57;49,88;0,23;43,68;12,55;6,45;0,62
05-02;0- 1;33,76;73,26;0,27;38,12;17,35;8,10;0,95
04-02;23-24;50,75;131,83;0,42;26,52;18,40;9,75;2,07
04-02;22-23;52,11;122,54;0,41;30,00;19,05;9,65;1,86
04-02;21-22;44,45;105,58;0,44;33,69;19,45;9,25;1,49
04-02;20-21;49,43;119,75;0,46;31,83;22,95;11,65;1,68
04-02;19-20;51,34;127,33;0,48;26,87;33,35;13,00;1,92
04-02;18-19;70,30;206,82;0,57;17,08;42,60;15,10;3,41
04-02;17-18;76,35;248,08;0,68;14,35;50,35;14,30;5,04
04-02;16-17;74,12;208,86;0,57;19,05;49,05;11,80;3,75
04-02;15-16;42,05;107,71;0,38;38,27;40,65;9,35;2,00
04-02;14-15;50,58;127,73;0,39;34,69;46,25;9,15;2,30
04-02;13-14;40,21;116,34;0,33;40,48;56,50;9,60;2,12
04-02;12-13;41,40;118,25;0,34;38,89;58,50;9,90;2,09
04-02;11-12;49,99;144,17;0,34;37,49;55,50;9,45;2,58
04-02;10-11;52,68;144,57;0,31;37,38;54,00;9,70;2,51
04-02;9-10;51,15;168,47;0,35;33,20;48,55;9,85;3,02
04-02;8- 9;65,41;221,90;0,42;24,96;35,15;9,85;4,27
04-02;7- 8;61,63;162,97;0,40;30,18;29,50;9,10;2,95
04-02;6- 7;39,37;92,47;0,27;44,72;25,40;7,30;1,75
04-02;5- 6;15,50;28,90;0,23;56,76;19,30;6,65;0,54
04-02;4- 5;7,13;14,85;0,22;62,44;15,80;5,65;0,26
04-02;3- 4;5,03;9,10;0,21;63,56;16,40;6,55;0,18
04-02;2- 3;5,15;10,78;0,21;62,37;16,70;5,95;0,26
04-02;1- 2;8,66;16,42;0,21;62,46;18,05;6,50;0,34
04-02;0- 1;9,91;19,10;0,23;59,72;18,15;6,25;0,23
03-02;23-24;11,56;22,87;0,26;57,26;21,15;7,25;0,30
03-02;22-23;20,31;47,11;0,30;51,92;18,95;7,95;0,68
03-02;21-22;16,94;42,08;0,29;52,16;21,95;8,80;0,70
03-02;20-21;22,43;48,18;0,31;50,64;17,80;9,15;0,71
03-02;19-20;23,56;50,35;0,31;50,18;16,35;7,75;0,78
03-02;18-19;49,58;131,87;0,47;28,57;27,35;11,45;2,20
03-02;17-18;73,67;181,50;0,54;20,67;37,90;12,60;3,21
03-02;16-17;37,55;116,62;0,45;33,62;40,10;10,40;2,12
03-02;15-16;44,47;122,63;0,45;37,06;45,25;9,35;2,26
03-02;14-15;28,99;104,91;0,39;40,02;42,55;10,05;1,96
03-02;13-14;36,12;107,97;0,38;43,36;45,60;9,55;2,10
03-02;12-13;42,81;124,36;0,35;43,89;40,10;9,00;2,36
03-02;11-12;43,94;118,73;0,33;46,06;38,05;8,70;2,07
03-02;10-11;36,72;94,71;0,30;48,49;29,60;7,70;2,04
03-02;9-10;36,87;84,67;0,30;50,78;26,60;7,90;1,65
03-02;8- 9;45,41;108,83;0,34;45,30;26,75;9,55;2,07
03-02;7- 8;33,26;74,40;0,30;49,10;24,60;9,75;1,42
03-02;6- 7;27,82;54,37;0,26;54,84;23,15;7,95;1,02
03-02;5- 6;5,70;13,58;0,22;66,16;16,35;6,60;0,35
03-02;4- 5;4,18;6,95;0,21;69,88;18,35;8,85;0,31
03-02;3- 4;2,45;4,83;0,21;72,50;16,60;7,85;0,28
03-02;2- 3;2,84;5,15;0,19;72,77;16,30;8,40;0,31
03-02;1- 2;3,08;5,63;0,18;73,03;15,25;7,00;0,28
03-02;0- 1;5,26;9,11;0,21;72,93;14,85;5,95;0,33
02-02;23-24;9,79;20,01;0,22;69,75;16,80;8,20;0,51
02-02;22-23;14,49;29,88;0,25;66,69;24,55;8,90;0,68
02-02;21-22;15,05;32,50;0,25;65,33;24,20;9,50;0,67
02-02;20-21;20,75;39,40;0,26;63,55;27,30;10,90;0,71
02-02;19-20;22,44;47,11;0,28;62,75;38,05;12,25;0,75
02-02;18-19;26,25;54,04;0,29;61,64;37,35;12,55;0,91
02-02;17-18;29,31;61,99;0,30;60,21;32,40;11,80;0,99
02-02;16-17;34,24;71,44;0,31;58,80;31,40;11,40;1,15
02-02;15-16;28,59;69,68;0,31;60,66;42,15;13,25;1,32
02-02;14-15;30,92;73,91;0,30;59,36;70,25;14,30;1,46
02-02;13-14;30,91;67,58;0,27;63,53;59,25;13,40;1,32
02-02;12-13;31,46;70,09;0,26;64,27;52,15;12,25;1,31
02-02;11-12;37,88;81,50;0,25;63,52;63,65;14,45;1,42
02-02;10-11;32,47;82,59;0,25;61,65;67,70;11,75;1,33
02-02;9-10;42,10;89,74;0,25;57,65;43,55;21,30;1,52
02-02;8- 9;46,22;115,60;0,29;52,93;35,35;11,20;1,75
02-02;7- 8;41,91;103,74;0,29;49,28;38,20;13,40;1,75
02-02;6- 7;22,44;55,02;0,23;66,19;30,35;9,40;1,05
02-02;5- 6;10,26;18,86;0,18;76,54;25,20;9,85;0,40
02-02;4- 5;4,56;8,82;0,17;78,01;23,70;9,50;0,26
02-02;3- 4;4,95;7,75;0,16;78,31;23,75;9,90;0,26
02-02;2- 3;4,79;8,11;0,17;77,30;27,55;12,10;0,24
02-02;1- 2;5,36;8,37;0,17;78,71;19,55;10,20;0,28
02-02;0- 1;6,42;11,06;0,18;76,50;21,00;8,45;0,30
01-02;23-24;6,63;11,27;0,18;74,94;19,05;8,30;0,23
01-02;22-23;9,38;17,10;0,21;73,63;19,25;8,60;0,17
01-02;21-22;10,75;20,66;0,26;72,82;20,05;9,90;0,17
01-02;20-21;10,89;21,86;0,22;71,26;20,50;8,90;0,41
01-02;19-20;14,74;28,77;0,25;69,16;24,90;9,60;0,44
01-02;18-19;20,55;47,04;0,31;61,05;21,75;10,40;0,84
01-02;17-18;43,91;107,64;0,41;37,88;16,30;9,75;1,72
01-02;16-17;48,28;121,38;0,40;12,33;14,15;8,45;2,04
01-02;15-16;46,70;110,50;0,36;22,19;9,25;4,30;1,75
01-02;14-15;46,58;122,61;0,37;31,60;10,05;3,45;2,26
01-02;13-14;52,29;142,76;0,38;33,66;14,65;4,55;2,54
01-02;12-13;61,28;153,46;0,35;21,03;18,00;8,45;2,44
01-02;11-12;78,80;229,14;0,38;10,77;31,25;9,80;4,05
01-02;10-11;101,76;346,22;0,46;3,72;34,90;13,65;6,59
01-02;9-10;100,27;442,95;0,59;2,16;35,95;16,10;8,45
01-02;8- 9;107,64;477,47;0,65;0,83;31,05;16,15;9,53
01-02;7- 8;99,46;447,71;0,68;0,50;32,95;16,40;9,12
01-02;6- 7;71,44;226,84;0,41;15,15;20,85;11,00;4,54
01-02;5- 6;26,48;56,70;0,22;46,55;13,15;6,20;0,98
01-02;4- 5;20,53;34,91;0,21;49,92;9,65;5,35;0,48
01-02;3- 4;12,78;23,85;0,22;55,80;10,75;5,85;0,30
01-02;2- 3;10,05;18,20;0,19;60,58;7,10;6,25;0,23
01-02;1- 2;10,22;19,34;0,19;62,22;9,30;6,05;0,30
01-02;0- 1;15,22;23,38;0,21;59,55;9,55;6,50;0,26
31-01;23-24;19,45;32,34;0,25;55,60;10,10;6,70;0,38
31-01;22-23;19,91;34,59;0,26;57,86;13,20;7,90;0,51
31-01;21-22;28,60;50,48;0,29;51,92;14,70;7,45;0,62
31-01;20-21;26,79;53,56;0,35;51,51;15,80;7,80;0,67
31-01;19-20;31,04;62,89;0,34;52,07;16,45;7,95;0,95
31-01;18-19;26,45;51,89;0,31;57,37;15,85;7,25;0,62
31-01;17-18;25,61;55,31;0,31;60,83;17,30;7,10;0,80
31-01;16-17;22,71;50,40;0,31;61,78;19,35;6,15;0,70
31-01;15-16;27,53;51,63;0,30;62,99;17,60;5,95;0,61
31-01;14-15;27,97;60,42;0,29;59,95;15,20;6,55;0,82
31-01;13-14;19,50;45,05;0,28;65,14;17,00;6,60;0,58
31-01;12-13;16,53;37,61;0,24;66,99;16,35;6,20;0,45
31-01;11-12;17,31;36,64;0,26;66,77;19,35;7,75;0,53
31-01;10-11;13,11;28,75;0,26;69,09;16,55;7,65;0,38
31-01;9-10;11,35;24,31;0,22;71,13;10,65;5,15;0,23
31-01;8- 9;12,19;20,60;0,21;71,13;8,30;5,10;0,14
31-01;7- 8;14,09;21,28;0,21;72,50;10,60;6,10;0,18
31-01;6- 7;10,55;16,56;0,19;71,44;12,30;6,05;0,20
31-01;5- 6;11,40;23,55;0,19;68,68;10,40;5,25;0,16
31-01;4- 5;15,17;31,14;0,22;65,00;10,00;4,05;0,45
31-01;3- 4;16,48;35,98;0,21;63,38;11,75;5,45;0,55
31-01;2- 3;20,38;45,91;0,22;64,35;12,55;4,55;0,58
31-01;1- 2;21,88;49,43;0,26;62,36;13,05;5,60;0,64
31-01;0- 1;23,63;53,19;0,25;60,94;13,05;5,50;0,74
30-01;23-24;33,15;75,07;0,33;53,20;16,05;7,95;1,12
30-01;22-23;33,10;68,54;0,33;54,67;19,75;7,75;1,01
30-01;21-22;42,48;84,96;0,44;48,06;24,70;9,95;1,26
30-01;20-21;41,30;85,39;0,35;48,02;24,30;9,90;1,04
30-01;19-20;32,97;71,56;0,31;55,45;19,75;6,85;0,94
30-01;18-19;40,22;106,06;0,41;45,49;25,10;11,10;1,63
30-01;17-18;60,74;144,67;0,54;33,97;26,70;11,50;2,09
30-01;16-17;56,64;120,39;0,42;42,76;25,40;10,20;1,99
30-01;15-16;34,04;82,22;0,35;54,51;14,05;4,95;1,35
30-01;14-15;37,93;86,78;0,35;49,19;15,60;7,85;1,36
30-01;13-14;51,81;108,69;0,38;44,69;13,80;6,90;1,69
30-01;12-13;50,92;110,36;0,37;40,23;13,85;6,50;1,75
30-01;11-12;49,34;97,12;0,35;39,22;10,00;6,15;1,56
30-01;10-11;29,61;68,76;0,29;41,13;7,20;4,20;1,21
30-01;9-10;19,30;41,90;0,26;45,13;6,70;4,40;0,75
30-01;8- 9;16,00;30,05;0,23;47,05;6,15;2,55;0,58
30-01;7- 8;15,42;26,58;0,23;50,35;5,90;2,85;0,51
30-01;6- 7;21,62;35,12;0,21;43,21;5,20;2,65;0,61
30-01;5- 6;19,04;29,06;0,22;49,42;8,70;3,65;0,54
30-01;4- 5;19,57;36,87;0,22;63,68;19,85;6,95;0,68
30-01;3- 4;18,68;40,50;0,19;62,85;18,65;6,45;0,68
30-01;2- 3;29,40;60,50;0,23;54,98;19,90;6,65;0,85
30-01;1- 2;32,28;57,74;0,25;49,81;19,35;8,50;0,75
30-01;0- 1;39,27;78,94;0,29;42,71;22,00;8,75;1,09
29-01;23-24;37,54;81,28;0,30;42,51;29,55;11,30;1,16
29-01;22-23;34,90;71,73;0,31;49,77;28,80;10,65;1,02
29-01;21-22;24,81;51,96;0,34;55,10;25,35;11,30;0,74
29-01;20-21;25,15;47,87;0,29;55,68;24,90;10,40;0,60
29-01;19-20;27,37;58,03;0,29;54,55;14,40;8,95;0,75
29-01;18-19;45,77;109,73;0,40;43,29;24,70;11,80;1,62
29-01;17-18;49,24;119,52;0,44;36,31;22,25;10,55;2,14
29-01;16-17;36,69;85,59;0,36;36,33;10,00;7,80;1,21
29-01;15-16;38,04;81,56;0,32;35,52;9,45;5,25;1,15
29-01;14-15;43,13;100,52;0,35;30,66;11,45;5,90;1,55
29-01;13-14;47,52;99,68;0,31;31,86;9,35;5,45;1,60
29-01;12-13;38,68;111,75;0,34;29,55;10,55;6,65;1,75
29-01;11-12;50,79;124,37;0,35;25,15;13,95;6,50;2,12
29-01;10-11;57,76;142,61;0,33;18,86;23,85;10,00;2,24
29-01;9-10;52,84;137,76;0,35;17,13;32,55;12,00;2,40
29-01;8- 9;55,33;166,59;0,37;17,17;30,65;11,70;2,98
29-01;7- 8;57,06;132,46;0,36;22,55;31,00;10,25;2,14
29-01;6- 7;35,90;78,12;0,30;31,29;24,40;8,45;1,22
29-01;5- 6;31,35;49,37;0,22;35,88;19,65;6,20;0,65
29-01;4- 5;25,10;36,98;0,22;38,24;20,50;6,40;0,37
29-01;3- 4;16,08;24,77;0,21;46,11;22,60;6,55;0,11
29-01;2- 3;12,67;20,95;0,21;49,65;23,05;7,30;0,14
29-01;1- 2;14,44;22,24;0,21;54,20;28,95;6,70;0,14
29-01;0- 1;21,76;38,93;0,23;52,23;25,15;7,20;0,33
28-01;23-24;25,54;43,31;0,23;49,11;27,90;8,95;0,26
28-01;22-23;28,42;56,63;0,30;44,27;29,30;11,20;0,50
28-01;21-22;34,30;76,62;0,33;40,27;29,70;11,30;0,91
28-01;20-21;35,16;74,22;0,35;42,09;29,75;10,50;0,88
28-01;19-20;30,35;68,20;0,31;46,30;28,00;10,60;0,81
28-01;18-19;37,70;83,89;0,34;49,74;34,35;10,65;1,16
28-01;17-18;42,42;95,39;0,38;44,95;34,80;10,05;1,28
28-01;16-17;32,96;82,22;0,33;50,99;34,55;9,70;1,25
28-01;15-16;30,09;74,49;0,32;56,12;38,50;9,25;1,14
28-01;14-15;27,18;80,08;0,29;57,13;43,45;17,45;1,28
28-01;13-14;24,65;68,78;0,23;60,92;50,35;12,55;1,24
28-01;12-13;35,11;94,56;0,27;56,85;48,95;13,10;1,53
28-01;11-12;34,22;82,15;0,25;59,57;43,70;11,05;1,32
28-01;10-11;33,64;89,09;0,27;57,36;44,20;11,40;1,58
28-01;9-10;36,98;99,43;0,26;54,54;31,60;9,45;1,59
28-01;8- 9;47,32;117,21;0,29;50,50;24,90;9,50;1,86
28-01;7- 8;32,78;77,05;0,27;52,15;19,00;7,25;1,36
28-01;6- 7;33,22;73,41;0,25;53,50;17,15;6,90;1,39
28-01;5- 6;11,00;21,48;0,18;68,34;9,65;4,75;0,37
28-01;4- 5;3,91;8,81;0,16;72,45;9,95;4,95;0,14
28-01;3- 4;3,82;5,75;0,16;72,76;11,00;5,10;0,16
28-01;2- 3;4,38;6,63;0,17;74,03;9,10;4,10;0,23
28-01;1- 2;5,53;7,54;0,18;64,33;10,25;5,00;0,27
28-01;0- 1;13,90;22,71;0,23;47,93;5,60;3,60;0,41
